{"cameraMode":{"drawMode":0,"name":"Shaded","section":"Shading Mode"},"sceneLighting":false,"audioPlay":false,"sceneViewState":{"m_AlwaysRefresh":false,"showFog":true,"showSkybox":false,"showFlares":true,"showImageEffects":true,"showParticleSystems":true,"showVisualEffectGraphs":true,"m_FxEnabled":false},"in2DMode":false,"pivot":{"x":0.2989310920238495,"y":-0.39719104766845705,"z":1.001086711883545},"rotation":{"x":-0.29470816254615786,"y":-0.039263684302568439,"z":0.012119889259338379,"w":-0.9547076225280762},"size":2.002781391143799,"orthographic":false}