{"cameraMode":{"drawMode":0,"name":"Shaded","section":"Shading Mode"},"sceneLighting":false,"audioPlay":false,"sceneViewState":{"m_AlwaysRefresh":false,"showFog":true,"showSkybox":true,"showFlares":true,"showImageEffects":true,"showParticleSystems":true,"showVisualEffectGraphs":true,"m_FxEnabled":false},"in2DMode":false,"pivot":{"x":-4.910153865814209,"y":-0.5642684698104858,"z":-2.9508419036865236},"rotation":{"x":-0.5360761284828186,"y":-0.008359730243682862,"z":0.0053087263368070129,"w":-0.8441181778907776},"size":12.118846893310547,"orthographic":false}