{"cameraMode":{"drawMode":0,"name":"Shaded","section":"Shading Mode"},"sceneLighting":false,"audioPlay":false,"sceneViewState":{"m_AlwaysRefresh":false,"showFog":true,"showSkybox":true,"showFlares":true,"showImageEffects":true,"showParticleSystems":true,"showVisualEffectGraphs":true,"m_FxEnabled":false},"in2DMode":false,"pivot":{"x":-0.0430801622569561,"y":1.162980079650879,"z":0.5131271481513977},"rotation":{"x":-0.5360761284828186,"y":-0.008359730243682862,"z":0.0053087263368070129,"w":-0.8441181778907776},"size":8.693415641784668,"orthographic":false}